feature,importance
Cluster,0.7400776
Enrollment Type,0.05809947
CLV,0.042740162
Salary,0.038407896
Education,0.031021234
Gender,0.030151187
Marital Status,0.029833049
Loyalty Card,0.029669477
