cluster,Total Flights_mean,Total Flights_std,Distance_mean,Points Redeemed_mean,max_inactive_streak,flight_trend,redemption_ratio,CLV
0,0.027927486526212634,0.12082469450054416,39.83704883227176,0.08633431324514126,23.23517883390495,0.0038625567177214865,0.0,8317.419054385105
1,1.5296369585742184,1.6871090062065985,2293.506808643412,44.84326378380476,4.308792146820315,0.011695319840952503,0.02172779510913125,13161.59168160478
2,4.878583680470473,6.527966455344607,7308.804092134281,37.20864984072531,2.61455525606469,0.3212815486400393,0.0036778993570314015,8141.8812803234505
3,1.4627490668146483,1.6454383221371114,2190.017585267292,45.84552047316173,4.911410236343715,0.013632849691632764,0.02589989748349383,4263.356453279073
4,1.1184070647425979,1.5491038780184496,1688.0007236308902,0.06369399096908648,8.863146926015977,0.025531510035187315,7.850980130552022e-05,7564.859367836055
