Target,MAE,R2
Future Flights,0.43948057293891907,0.6068907380104065
Future Distance,1.1341025829315186,0.7019227147102356
Future Points,1.1392256021499634,0.7018212080001831
